{"cameraMode":{"drawMode":0,"name":"Shaded","section":"Shading Mode"},"sceneLighting":true,"audioPlay":false,"sceneViewState":{"showFog":true,"showMaterialUpdate":false,"showSkybox":true,"showFlares":true,"showImageEffects":true,"showParticleSystems":true},"in2DMode":false,"pivot":{"x":20.44354248046875,"y":2.073057174682617,"z":-1.3893070220947266},"rotation":{"x":0.007628368679434061,"y":0.8865971565246582,"z":0.014630110003054142,"w":-0.4622499644756317},"size":4.67236328125,"orthographic":false}