{"cameraMode":{"drawMode":0,"name":"Shaded","section":"Shading Mode"},"sceneLighting":true,"audioPlay":false,"sceneViewState":{"showFog":true,"showMaterialUpdate":false,"showSkybox":true,"showFlares":true,"showImageEffects":true,"showParticleSystems":true},"in2DMode":false,"pivot":{"x":1.8829936981201172,"y":-17.969873428344728,"z":18.157072067260743},"rotation":{"x":0.3146858811378479,"y":-0.32578790187835696,"z":0.11598814278841019,"w":0.8839902281761169},"size":33.462005615234378,"orthographic":false}