{"cameraMode":{"drawMode":0,"name":"Shaded","section":"Shading Mode"},"sceneLighting":true,"audioPlay":false,"sceneViewState":{"showFog":true,"showMaterialUpdate":false,"showSkybox":true,"showFlares":true,"showImageEffects":true,"showParticleSystems":true},"in2DMode":false,"pivot":{"x":24.133995056152345,"y":0.6822351217269898,"z":2.2695353031158449},"rotation":{"x":0.07950287312269211,"y":0.5362154841423035,"z":-0.05082383379340172,"w":0.8387912511825562},"size":6.936883449554443,"orthographic":false}