{"cameraMode":{"drawMode":0,"name":"Shaded","section":"Shading Mode"},"sceneLighting":true,"audioPlay":false,"sceneViewState":{"showFog":true,"showMaterialUpdate":false,"showSkybox":true,"showFlares":true,"showImageEffects":true,"showParticleSystems":true},"in2DMode":false,"pivot":{"x":30.72954559326172,"y":2.134504795074463,"z":-6.9686079025268559},"rotation":{"x":-0.0006100517930462956,"y":-0.9417890310287476,"z":0.0017037664074450732,"w":-0.33621472120285036},"size":23.46817970275879,"orthographic":false}