{"cameraMode":{"drawMode":0,"name":"Shaded","section":"Shading Mode"},"sceneLighting":true,"audioPlay":false,"sceneViewState":{"showFog":true,"showMaterialUpdate":false,"showSkybox":true,"showFlares":true,"showImageEffects":true,"showParticleSystems":true},"in2DMode":false,"pivot":{"x":39.69007873535156,"y":4.205280303955078,"z":1.4488126039505005},"rotation":{"x":-0.027495060116052629,"y":0.7082691788673401,"z":0.02764587663114071,"w":0.7048815488815308},"size":22.088912963867189,"orthographic":false}