{"cameraMode":{"drawMode":0,"name":"Shaded","section":"Shading Mode"},"sceneLighting":true,"audioPlay":false,"sceneViewState":{"showFog":true,"showMaterialUpdate":false,"showSkybox":true,"showFlares":true,"showImageEffects":true,"showParticleSystems":true},"in2DMode":false,"pivot":{"x":24.116914749145509,"y":1.1107711791992188,"z":-1.3579970598220826},"rotation":{"x":0.059470340609550479,"y":0.8427973985671997,"z":-0.09521689265966416,"w":0.5263935327529907},"size":4.347331523895264,"orthographic":false}