{"cameraMode":{"drawMode":0,"name":"Shaded","section":"Shading Mode"},"sceneLighting":true,"audioPlay":false,"sceneViewState":{"showFog":true,"showMaterialUpdate":false,"showSkybox":true,"showFlares":true,"showImageEffects":true,"showParticleSystems":true},"in2DMode":false,"pivot":{"x":14.383021354675293,"y":-9.603689193725586,"z":27.54119873046875},"rotation":{"x":0.20347820222377778,"y":-0.07394076883792877,"z":0.015419473871588707,"w":0.9761875867843628},"size":29.280187606811525,"orthographic":false}